id,name,company,address,city,county,state,phone,email
1,James,"Benton, John B Jr",6649 N Blue Gum St,New Orleans,Orleans,LA,504-621-8927,jbutt@gmail.com
2,Josephine,"Chanay, Jeffrey A Esq",4 B Blue Ridge Blvd,Brighton,Livingston,MI,810-292-9388,josephine_darakjy@darakjy.org
3,Art,"Chemel, James L Cpa",8 W Cerritos Ave #54,Bridgeport,Gloucester,NJ,856-636-8749,art@venere.org
4,Lenna,Feltz Printing Service,639 Main St,Anchorage,Anchorage,AK,907-385-4412,lpaprocki@hotmail.com
5,Donette,Printing Dimensions,34 Center St,Hamilton,Butler,OH,513-570-1893,donette.foller@cox.net
6,Simona,"Chapman, Ross E Esq",3 Mcauley Dr,Ashland,Ashland,OH,419-503-2484,simona@morasca.com
7,Mitsue,Morlong Associates,7 Eads St,Chicago,Cook,IL,773-573-6914,mitsue_tollner@yahoo.com
8,Leota,Commercial Press,7 W Jackson Blvd,San Jose,Santa Clara,CA,408-752-3500,leota@hotmail.com
9,Sage,Truhlar And Truhlar Attys,5 Boston Ave #88,Sioux Falls,Minnehaha,SD,605-414-2147,sage_wieser@cox.net
10,Kris,"King, Christopher A Esq",228 Runamuck Pl #2808,Baltimore,Baltimore City,MD,410-655-8723,kris@gmail.com
11,Minna,"Dorl, James J Esq",2371 Jerrold Ave,Kulpsville,Montgomery,PA,215-874-1229,minna_amigon@yahoo.com
12,Abel,Rangoni Of Florence,37275 St  Rt 17m M,Middle Island,Suffolk,NY,631-335-3414,amaclead@gmail.com
13,Kiley,Feiner Bros,25 E 75th St #69,Los Angeles,Los Angeles,CA,310-498-5651,kiley.caldarera@aol.com
14,Graciela,Buckley Miller & Wright,98 Connecticut Ave Nw,Chagrin Falls,Geauga,OH,440-780-8425,gruta@cox.net
15,Cammy,"Rousseaux, Michael Esq",56 E Morehead St,Laredo,Webb,TX,956-537-6195,calbares@gmail.com
16,Mattie,Century Communications,73 State Road 434 E,Phoenix,Maricopa,AZ,602-277-4385,mattie@aol.com
17,Meaghan,"Bolton, Wilbur Esq",69734 E Carrillo St,Mc Minnville,Warren,TN,931-313-9635,meaghan@hotmail.com
18,Gladys,T M Byxbee Company Pc,322 New Horizon Blvd,Milwaukee,Milwaukee,WI,414-661-9598,gladys.rim@rim.org
19,Yuki,Farmers Insurance Group,1 State Route 27,Taylor,Wayne,MI,313-288-7937,yuki_whobrey@aol.com
20,Fletcher,Post Box Services Plus,394 Manchester Blvd,Rockford,Winnebago,IL,815-828-2147,fletcher.flosi@yahoo.com
21,Bette,Sport En Art,6 S 33rd St,Aston,Delaware,PA,610-545-3615,bette_nicka@cox.net
22,Veronika,C 4 Network Inc,6 Greenleaf Ave,San Jose,Santa Clara,CA,408-540-1785,vinouye@aol.com
23,Willard,"Ingalls, Donald R Esq",618 W Yakima Ave,Irving,Dallas,TX,972-303-9197,willard@hotmail.com
24,Maryann,"Franklin, Peter L Esq",74 S Westgate St,Albany,Albany,NY,518-966-7987,mroyster@royster.com
25,Alisha,Wtlz Power 107 Fm,3273 State St,Middlesex,Middlesex,NJ,732-658-3154,alisha@slusarski.com
26,Allene,"Ledecky, David Esq",1 Central Ave,Stevens Point,Portage,WI,715-662-6764,allene_iturbide@cox.net
27,Chanel,Professional Image Inc,86 Nw 66th St #8673,Shawnee,Johnson,KS,913-388-2079,chanel.caudy@caudy.org
28,Ezekiel,"Sider, Donald C Esq",2 Cedar Ave #84,Easton,Talbot,MD,410-669-1642,ezekiel@chui.com
29,Willow,U Pull It,90991 Thorburn Ave,New York,New York,NY,212-582-4976,wkusko@yahoo.com
30,Bernardo,"Clark, Richard Cpa",386 9th Ave N,Conroe,Montgomery,TX,936-336-3951,bfigeroa@aol.com
31,Ammie,"Moskowitz, Barry S",74874 Atlantic Ave,Columbus,Franklin,OH,614-801-9788,ammie@corrio.com
32,Francine,Cascade Realty Advisors Inc,366 South Dr,Las Cruces,Dona Ana,NM,505-977-3911,francine_vocelka@vocelka.com
33,Ernie,Knwz Newsradio,45 E Liberty St,Ridgefield Park,Bergen,NJ,201-709-6245,ernie_stenseth@aol.com
34,Albina,"Giampetro, Anthony D",4 Ralph Ct,Dunellen,Middlesex,NJ,732-924-7882,albina@glick.com
35,Alishia,Milford Enterprises Inc,2742 Distribution Way,New York,New York,NY,212-860-1579,asergi@gmail.com
36,Solange,"Mosocco, Ronald A",426 Wolf St,Metairie,Jefferson,LA,504-979-9175,solange@shinko.com
37,Jose,Tri State Refueler Co,128 Bransten Rd,New York,New York,NY,212-675-8570,jose@yahoo.com
38,Rozella,Parkway Company,17 Morena Blvd,Camarillo,Ventura,CA,805-832-6163,rozella.ostrosky@ostrosky.com
39,Valentine,Fbs Business Finance,775 W 17th St,San Antonio,Bexar,TX,210-812-9597,valentine_gillian@gmail.com
40,Kati,Eder Assocs Consltng Engrs Pc,6980 Dorsett Rd,Abilene,Dickinson,KS,785-463-7829,kati.rulapaugh@hotmail.com
41,Youlanda,Tri M Tool Inc,2881 Lewis Rd,Prineville,Crook,OR,541-548-8197,youlanda@aol.com
42,Dyan,International Eyelets Inc,7219 Woodfield Rd,Overland Park,Johnson,KS,913-413-4604,doldroyd@aol.com
43,Roxane,Rapid Trading Intl,1048 Main St,Fairbanks,Fairbanks North Star,AK,907-231-4722,roxane@hotmail.com
44,Lavera,Abc Enterprises Inc,678 3rd Ave,Miami,Miami-Dade,FL,305-606-7291,lperin@perin.org
45,Erick,Cindy Turner Associates,20 S Babcock St,Fairbanks,Fairbanks North Star,AK,907-741-1044,erick.ferencz@aol.com
46,Fatima,"Stanton, James D Esq",2 Lighthouse Ave,Hopkins,Hennepin,MN,952-768-2416,fsaylors@saylors.org
47,Jina,Grace Pastries Inc,38938 Park Blvd,Boston,Suffolk,MA,617-399-5124,jina_briddick@briddick.com
48,Kanisha,"Schroer, Gene E Esq",5 Tomahawk Dr,Los Angeles,Los Angeles,CA,323-453-2780,kanisha_waycott@yahoo.com
49,Emerson,Knights Inn,762 S Main St,Madison,Dane,WI,608-336-7444,emerson.bowley@bowley.org
50,Blair,Bollinger Mach Shp & Shipyard,209 Decker Dr,Philadelphia,Philadelphia,PA,215-907-9111,bmalet@yahoo.com
